,,,,,,,,,,,,Total element; mass number is for detection limit determination.,,,,,,,,,,,,,,,,,,,,,,,,
"Be, V, As, and Tl had NIST1640a (independent source verification) recoveries that were somewhat off from the true values, although everything else looks pretty good.  ",,,,,,,,,,,,Negative values are below detection.,,,,,,,,,,,,,,,,,,,,,,,,
Metal Values in ppb (ng/mL),,,,,,,,,,,,,,,,,,,,,,,,,,,,,,,,,,,,
Sample #,Location,Material,Replicate,Day.deploy,Weight (g),Unbrushed,Optical.density of 15 beads (@ 595 nm),Lithium /  7,Beryllium /  9,Sodium /  23,Magnesium /  24,Aluminum /  27,Potassium /  39,Calcium /  44,Vanadium /  51,Chromium /  52,Manganese /  55,Iron /  56,Cobalt /  59,Nickel /  60,Copper /  63,Zinc /  66,Gallium /  71,Arsenic /  75,Selenium /  78,Rubidium /  85,Strontium /  88,Silver /  107,Cadmium /  111,Cesium /  133,Barium /  137,Thallium /  205,Lead /  208,Uranium /  238,,
DL,NA,NA,NA,NA,NA,NA,NA,0.02978,0.000009406,0.0504,0.002798,0.001841,0.04625,0.002336,0.01427,0.004695,0.00009502,0.06445,0.00006766,0.0002153,0.0007904,0.0004867,0.0001636,0.001118,0.00007062,0.00001392,0.00009981,0.00003503,0.00000685,0.00001797,0.000005799,0.000008463,0.00009469,0.00001544,,
BEC,NA,NA,NA,NA,NA,NA,NA,0.1429,0.01596,0.1946,0.3971,---,4.381,5.922,0.2991,0.1264,0.01552,0.2969,0.00279,0.02452,0.02741,0.0743,0.004436,0.0628,0.7745,0.01516,0.01468,0.0123,0.008747,0.005665,0.02637,0.01462,0.007512,0.01274,,
151,Lab,Blank,1,NA,NA,NA,NA,0.2124,-0.007261,-18.01,-2.734,-0.7981,-0.2871,6.759,0.9828,0.1899,0.01022,0.2695,0.00349,0.01321,-0.00375,0.02358,0.01384,0.1602,-0.2307,-0.002715,-0.02834,0.002138,0.008947,-0.009205,-0.01058,-0.004563,0.004537,-0.003828,,
152,Lab,Blank,2,NA,NA,NA,NA,0.1851,-0.01249,-14.09,-3.347,-1.104,-1.959,10.52,1.074,0.1477,0.008255,0.536,0.003745,-0.01191,0.01651,-0.02281,0.00413,0.2097,-0.5047,-0.007794,-0.02792,-0.003427,0.01439,-0.01315,-0.001925,-0.007434,0.01275,-0.006709,,
153,Lab,Blank,3,NA,NA,NA,NA,0.1827,-0.01492,-18.79,-2.799,-0.08359,-1.039,9.416,1.121,0.325,0.03163,7.299,0.003391,0.02869,0.02157,0.0144,0.003074,0.2681,-0.1838,-0.007152,-0.02913,-0.00791,0.02235,-0.01138,-0.008259,-0.008195,0.01125,-0.002443,,
43,CMA,Glass,1,0,2.5693,Unbrushed,0.80922,0.2052,-0.01161,400.7,169.4,317.4,2.178,283.1,-0.1404,0.05768,0.2784,31.47,0.04618,0.2952,0.2153,42.85,0.04681,-0.09255,-0.3112,0.01803,0.1661,0.04017,0.03607,-0.01066,0.6071,-0.008462,0.106,0.004284,,
44,CMA,LDPE,1,0,1.195,Unbrushed,0.06717,0.1729,-0.01791,-15.82,-1.922,1.747,-2.885,12.47,0.3514,0.06435,0.08376,15.21,0.006245,0.02382,0.05167,0.3047,0.0009707,0.02576,-0.4809,-0.002173,-0.0183,-0.00216,0.01055,-0.009704,0.007516,-0.01086,0.03302,-0.004458,,
45,CMA,PLA,1,0,1.2024,Unbrushed,0.042776,0.1557,-0.01358,-14.62,-1.943,1.587,-1.224,20.35,1.5,0.1639,0.09593,14.77,0.007217,0.03511,0.02789,0.322,-0.001218,0.2232,-0.5756,-0.002903,-0.01117,-0.01482,0.01096,-0.01222,0.01043,-0.01106,0.01805,-0.0009956,,
46,CMA,Glass,2,0,2.5651,Unbrushed,0.63091,0.1972,-0.01112,397.3,170.3,317.7,1.24,283.5,0.9358,0.07857,0.1945,28.44,0.04492,0.241,0.1845,39.81,0.04641,0.06028,-0.4286,0.004814,0.1067,0.04421,0.03539,-0.01176,0.5077,-0.01358,0.09185,0.006961,,
47,CMA,LDPE,2,0,1.2196,Unbrushed,0.026816,0.1696,-0.01749,-15.26,-1.838,1.45,-0.8282,17.02,0.1932,0.006019,0.1333,19.11,0.006913,0.04721,0.0569,0.6172,0.006888,0.03464,-0.4071,-0.002811,-0.01692,-0.002757,0.006079,-0.01219,0.02238,-0.01391,0.01882,-0.009032,,
48,CMA,PLA,2,0,1.1957,Unbrushed,0.026958,0.1409,-0.02258,-11.31,-1.166,1.239,-2.287,19.91,1.706,1.041,0.4418,45.4,0.009409,0.04936,0.07037,0.5758,0.005133,0.2152,-0.3151,-0.004175,-0.009469,-0.006404,-0.01075,-0.01176,0.01552,-0.0147,0.04451,-0.002168,,
49,CMA,Glass,3,0,2.5469,Unbrushed,0.806295,0.1825,-0.01079,401.9,171.4,302.3,3.254,296.5,0.9272,0.03087,0.1628,19.33,0.04244,0.2422,0.1005,40.95,0.04905,0.1096,-0.3721,0.009642,0.1413,0.02614,0.03897,-0.01118,0.5181,-0.01248,0.05088,-0.001117,,
50,CMA,LDPE,3,0,1.2266,Unbrushed,0.035775,0.1338,-0.01057,-17.3,-1.935,1.644,-1.91,8.062,1.265,0.03684,0.07331,10.65,0.01005,0.01626,0.04878,0.1409,0.006666,0.2589,-0.2362,-0.00449,-0.02684,-0.01183,-0.004888,-0.01208,-0.005372,-0.007287,0.02112,-0.006149,,
51,CMA,PLA,3,0,1.1852,Unbrushed,0.012045,0.1235,-0.01407,-15.09,-1.645,1.422,-1.238,12.69,1.676,-0.002857,0.103,14.84,0.004949,0.0337,0.03103,0.7,0.01342,0.401,-0.4079,-0.003712,-0.02269,-0.01165,-0.01175,-0.01028,-0.002728,-0.01395,0.02375,0.001526,,
52,CMA,Glass,1,3,2.5577,Unbrushed,0.79119,0.6614,0.01451,3397,1220,1219,138.4,2074,2.36,1.119,7.747,531.1,0.4183,1.397,1.26,373.4,0.3217,0.4247,-0.3022,0.5651,3.794,0.04842,0.05518,0.03899,4.783,-0.01162,0.4972,0.04349,,
53,CMA,LDPE,1,3,1.206,Unbrushed,0.16873,0.2571,-0.009602,17.36,77.88,103.1,20.63,37.17,2.204,0.4082,4.726,217.3,0.09896,0.5272,0.8486,1.232,0.03698,0.281,-0.2658,0.1959,0.3945,-0.01187,0.006962,0.006252,0.479,-0.01222,0.1842,0.0004229,,
54,CMA,PLA,1,3,1.2251,Unbrushed,0.17832,0.2319,-0.009794,-4.243,56.81,76.91,17.22,24.16,2.388,0.2411,3.703,156.6,0.07238,0.3466,0.3115,0.637,0.02329,0.3292,-0.1967,0.1505,0.276,-0.01088,0.01764,0.001881,0.4076,-0.01198,0.119,-0.0004926,,
55,CMA,Glass,2,3,2.5669,Unbrushed,0.70559,0.4908,0.01,2885,1064,1013,110.7,1823,3.248,0.5659,4.664,330.7,0.2981,0.8464,1.444,324.7,0.2569,0.547,-0.4771,0.3729,3.436,0.05128,0.05326,0.0215,3.594,-0.006251,0.3543,0.02963,,
56,CMA,LDPE,2,3,1.2049,Unbrushed,0.329,0.4338,0.00133,33.18,195.4,251.6,55.29,71.29,2.846,0.8092,12.65,508.5,0.244,1.136,2.009,2.555,0.08883,0.9198,-0.3165,0.4692,0.9875,-0.001078,0.01782,0.03571,1.143,-0.01191,0.3804,0.006099,,
57,CMA,PLA,2,3,1.2163,Unbrushed,0.18851,0.2319,-0.01034,-2.927,68.17,93.22,19.7,37.28,2.289,0.3377,4.633,182.5,0.09154,0.4255,0.3782,0.988,0.0343,0.3451,-0.5276,0.1901,0.358,-0.01909,0.007635,0.006005,0.4843,-0.01429,0.1365,0.0006514,,
58,CMA,Glass,3,3,2.565,Unbrushed,0.55794,0.5474,0.01355,2753,1052,1038,114.9,1743,3.294,0.6377,6.7,443.9,0.3386,1.254,1.135,309.2,0.2677,0.4451,-0.3729,0.4968,3.721,0.04298,0.06385,0.02874,4.032,-0.01065,0.4117,0.03804,,
59,CMA,LDPE,3,3,1.1829,Unbrushed,0.27875,0.29,-0.008925,2.204,112.7,154.7,30.68,40.13,2.817,0.4402,7.158,306.7,0.1395,0.6941,1.102,1.368,0.0499,0.3956,-0.3552,0.282,0.5682,-0.01402,0.00405,0.01606,0.7166,-0.01247,0.2422,0.003063,,
60,CMA,PLA,3,3,1.1785,Unbrushed,0.15657,0.1881,-0.006902,107.6,64.24,72.75,23.07,31.53,2.905,0.1414,3.516,140.5,0.06552,0.3099,0.4217,0.8321,0.02861,0.4035,-0.296,0.1363,0.3079,-0.01557,0.01211,0.002242,0.3593,-0.009462,0.09475,0.002974,,
61,CMA,Glass,1,7,2.5657,Unbrushed,0.69225,0.5517,0.01673,2969,1110,1160,147.5,1817,2.384,0.7128,8.631,478,0.3646,1.216,0.8863,325.9,0.2499,0.4352,-0.5339,0.5221,3.76,0.03162,0.0501,0.02878,4.298,-0.00872,0.445,0.03413,,
62,CMA,LDPE,1,7,1.2099,Unbrushed,0.73957,0.7522,0.005278,49.53,436.3,542.1,112.3,160,2.468,1.837,31.28,1081,0.5415,2.497,2.029,4.35,0.1776,0.4423,-0.366,1.027,2.129,-0.009236,0.009783,0.08594,2.632,-0.01078,0.841,0.01737,,
63,CMA,PLA,1,7,1.1827,Unbrushed,0.24725,0.1857,-0.01297,14.55,57.38,76.19,16.22,31.27,1.615,0.09472,6.479,155.3,0.08361,0.3809,0.3714,0.7639,0.02636,0.1647,-0.5431,0.1398,0.2786,-0.02036,0.0172,0.004223,0.3749,-0.01482,0.1236,-0.00435,,
64,CMA,Glass,2,7,2.5596,Unbrushed,0.78895,0.4383,0.007909,2788,995.3,1033,156.4,1605,2.095,0.3461,8.803,390.8,0.3239,0.9817,0.7143,283.4,0.2278,0.387,-0.3124,0.4536,3.625,0.02124,0.0427,0.0218,3.299,-0.01301,0.389,0.02515,,
65,CMA,LDPE,2,7,1.2571,Unbrushed,0.69367,0.6465,0.002455,186,370.6,450,100.7,139.3,2.676,1.314,25.99,886.8,0.462,2.055,1.756,4.043,0.1589,0.3456,-0.2928,0.8506,1.844,-0.01002,0.004572,0.07136,1.927,-0.00999,0.6766,0.0114,,
66,CMA,PLA,2,7,1.1801,Unbrushed,0.26113,0.2263,-0.01029,9.815,81.17,109.1,20.67,32.34,1.376,0.07494,8.899,223.3,0.1208,0.5234,0.4188,1.083,0.03513,0.1999,-0.4611,0.2106,0.3928,-0.02233,-0.0000627,0.009986,0.4768,-0.01101,0.1726,-0.0005996,,
67,CMA,Glass,3,7,2.5765,Unbrushed,0.74238,0.545,0.01406,3119,1148,1211,152,1888,2.039,0.5799,8.295,465.4,0.3578,1.089,0.7706,336.7,0.2512,0.3471,-0.3724,0.5124,3.735,0.02398,0.04842,0.02791,3.888,-0.01436,0.4228,0.0324,,
68,CMA,LDPE,3,7,1.2097,Unbrushed,0.77863,0.6167,0.0007778,15.31,351.8,422.6,88.74,121.6,2.533,1.101,24.09,869.1,0.4447,1.975,1.724,3.791,0.1413,0.4167,-0.5315,0.8693,1.698,-0.01605,0.03047,0.0676,2.161,-0.01128,0.6522,0.01385,,
69,CMA,PLA,3,7,1.2069,Unbrushed,0.20024,0.1892,-0.01399,92.94,64.59,78.11,24.81,30.04,1.864,0.1052,5.506,156.6,0.08164,0.3844,0.369,1.422,0.03212,0.3255,-0.4588,0.1591,0.3355,-0.02086,8.70E-03,0.004016,0.4609,-0.01421,0.1097,0.003096,,
70,CMA,Glass,1,14,2.5675,Unbrushed,0.67899,0.6313,0.02256,2423,1001,1186,169.7,1446,2.183,0.9812,39.7,699.2,0.5495,1.635,1.251,248.2,0.2349,0.3648,-0.3174,0.726,4.571,0.005575,0.03774,0.04705,3.758,-0.01126,0.6096,0.03008,,
71,CMA,LDPE,1,14,1.2377,Unbrushed,1.031,1.432,0.03442,438.8,935.3,1126,211.9,290.4,3.895,3.572,107.5,2235,1.384,5.149,4.244,9.993,0.398,0.7424,-0.4678,1.914,4.319,-0.007126,0.03695,0.1718,3.809,-0.003552,1.71,0.04635,,
72,CMA,PLA,1,14,1.2028,Unbrushed,0.27594,0.2704,-0.01547,118,128,150.8,38.31,44.63,0.2826,0.1257,47.66,302.9,0.3427,0.7523,0.7902,1.972,0.04074,0.1536,-0.4605,0.2979,0.7237,-0.008259,0.01782,0.01756,0.7737,-0.01513,0.3096,0.002253,,
73,CMA,Glass,2,14,2.5649,Unbrushed,0.88451,0.8018,0.0271,2960,1171,1382,270.3,1538,1.955,1.436,41.18,915.4,0.6201,2.307,2.109,259.4,0.2948,0.5133,-0.7409,0.9295,5.012,0.003678,0.03592,0.06291,4.192,-0.01084,0.7959,0.04439,,
74,CMA,LDPE,2,14,1.2138,Unbrushed,1.2561,1.482,0.03767,40.79,930.6,1165,216.8,277.7,3.273,3.761,121.2,2267,1.423,5.193,3.864,9.207,0.4041,0.7003,-0.2795,2.044,4.355,-0.0126,0.02311,0.1728,4.793,-0.002035,1.775,0.04935,,
75,CMA,PLA,2,14,1.1965,Unbrushed,0.42566,0.3899,-0.003999,9.057,219.2,274.2,51.51,69.65,0.395,0.4126,58.56,526.4,0.4902,1.264,1.015,2.347,0.09134,0.0871,-0.7455,0.4691,1.132,-0.02314,-0.006921,0.03492,0.9696,-0.01291,0.4638,0.00341,,
76,CMA,Glass,3,14,2.5627,Unbrushed,0.86971,0.6922,0.02707,2331,1043,1224,193.8,1406,1.128,0.9491,46.6,775.2,0.5692,1.9,1.395,234,0.2615,0.2345,-0.3905,0.7859,5.059,0.001065,0.04903,0.05735,3.75,-0.01012,0.6584,0.02594,,
77,CMA,LDPE,3,14,1.2107,Unbrushed,0.97518,0.9798,0.01556,85.13,620.9,741.9,147.6,190.5,2.365,2.122,69.62,1453,0.855,3.374,3.092,6.557,0.2352,0.4921,-0.3463,1.363,3.015,-0.02051,0.01865,0.1199,3.027,-0.008094,1.216,0.03087,,
78,CMA,PLA,3,14,1.209,Unbrushed,0.39337,0.2885,-0.007461,45.92,132.8,156.4,39.18,43.54,0.2867,0.0009121,39.23,298.3,0.3031,0.7288,0.8439,1.985,0.05135,0.05635,-0.435,0.3294,0.7426,-0.03049,0.01833,0.01748,0.8381,-0.01254,0.2503,-0.005323,,
79,CMA,Glass,1,28,2.5679,Brushed,0.90063,0.758,0.02878,2019,1064,1258,234.1,2518,3.479,1.609,317,951,2.098,2.751,2.589,193.7,0.3009,0.5029,-0.3936,0.9286,14.61,-0.01367,0.03578,0.06435,4.482,-0.007293,1.286,0.0397,,
80,CMA,LDPE,1,28,1.2182,Brushed,1.2835,1.751,0.04631,362.4,1263,1413,271,1625,5.849,4.811,319.2,2765,2.71,6.686,5.425,15.29,0.5022,1.09,-0.2036,2.358,14.7,-0.01472,0.05756,0.2158,5.557,-0.002752,2.479,0.06546,,
81,CMA,PLA,1,28,1.2348,Brushed,1.0349,0.9202,0.009938,130.4,606.2,741.9,131.8,760.8,3.205,2.381,487.8,1413,3.365,4.051,4.15,10.65,0.2828,0.5469,-0.3149,1.252,8.216,-0.02745,0.06047,0.1021,3.565,-0.008993,1.873,0.0382,,
82,CMA,Glass,2,28,2.5616,Brushed,1.4831,2.021,0.06147,2519,2052,2383,462.3,3118,5.101,5.278,444.3,2733,3.488,7.319,7.99,245.6,0.684,0.9172,-0.1181,2.682,21.36,-0.01083,0.0989,0.217,8.196,-0.000282,2.801,0.08342,,
83,CMA,LDPE,2,28,1.2558,Brushed,1.5017,2.06,0.0554,263.3,1386,1645,314.8,529.2,5.159,6.668,363.1,3280,3.232,8.073,6.563,17.26,0.5969,0.9959,-0.5062,2.788,8.331,-0.01703,0.07541,0.2493,6.417,-0.00421,3.003,0.07653,,
84,CMA,PLA,2,28,1.1996,Brushed,1.2076,1.486,0.02739,337.5,985.1,1247,236.7,407.8,3.006,3.727,445.3,2214,3.428,5.9,6.219,14.72,0.4398,0.4802,-0.3775,2.02,6.304,-0.02542,0.05499,0.1784,4.902,-0.004871,2.494,0.04928,,
85,CMA,Glass,3,28,2.5666,Brushed,1.0635,1.496,0.03358,3233,1452,2384,434.9,1923,2.378,3.759,347,1648,2.393,4.458,3.176,258.8,0.5993,0.334,-0.2949,1.84,9.725,-0.000461,0.05365,0.1353,8.68,-0.004823,1.65,0.0773,,
86,CMA,LDPE,3,28,1.1581,Brushed,1.5155,2.16,0.05418,1134,1214,2322,467.6,473.7,4.362,5.807,340.6,2788,2.785,6.749,5.903,16.32,0.6946,0.5771,-0.3448,2.932,6.769,-0.02191,0.03056,0.2309,10.05,-0.003475,2.36,0.08214,,
87,CMA,PLA,3,28,1.2085,Brushed,0.88493,0.7205,0.005632,121.5,467,581.1,114.9,179.5,0.1681,1.204,419.5,1089,2.754,3.104,3.038,7.704,0.2309,-0.000478,-0.6671,0.9946,3.288,-0.02804,0.01306,0.07706,3.589,-0.009938,1.462,0.02638,,
97,EOS,Glass,1,0,2.5599,Unbrushed,0.81798,0.1196,-0.006903,429.8,173.2,246.8,0.2621,286.9,-2.435,-0.5455,0.1741,22.37,0.04166,0.3097,0.0128,43.63,0.0233,-0.3018,-0.3386,0.007222,0.09917,0.01075,0.0262,-0.00853,0.5889,-0.00621,0.04211,0.01,,
98,EOS,LDPE,1,0,1.2139,Unbrushed,0.002004,0.09005,-0.01023,-9.688,-2.19,1.389,-3.132,0.1471,-2.149,-0.4392,0.08391,15.34,0.006315,0.05686,0.09875,0.7051,-0.01168,-0.2955,-0.1828,-0.001489,-0.03148,-0.02925,0.01221,-0.01126,0.0006789,-0.01126,0.01984,-0.003944,,
99,EOS,PLA,1,0,1.2196,Unbrushed,0.042916,0.06658,-0.02037,-14.73,-2.054,1.088,-3.284,5.098,0.4849,-0.4515,0.0566,8.22,0.005145,0.05204,0.007356,0.5685,-0.008778,0.1121,-0.5159,-0.004021,-0.0215,-0.02716,0.01391,-0.01184,-0.01162,-0.015,0.04411,-0.005415,,
100,EOS,Glass,2,0,2.5703,Unbrushed,0.86083,0.1008,-0.01219,390.7,161.4,226.2,0.07913,247,-1.852,-0.5468,0.1408,20.73,0.04535,0.2822,0.07267,38.7,0.02104,-0.248,-0.2124,0.007037,0.08945,0.01267,0.03327,-0.009549,0.4455,-0.008039,0.03441,0.005125,,
101,EOS,LDPE,2,0,1.26,Unbrushed,0.028861,0.07357,-0.0116,-11.04,-1.969,1.698,-0.9755,1.89,-1.898,-0.5055,0.06428,10.41,0.005035,0.04995,0.01559,1.499,-0.01529,-0.2037,-0.2115,-0.001426,-0.01217,-0.02756,0.004419,-0.01157,0.009511,-0.014,0.03872,-0.007197,,
102,EOS,PLA,2,0,1.1758,Unbrushed,0.026694,0.06172,-0.01531,-11.69,-1.968,1.02,-1.083,14.35,0.4106,-0.3494,0.055,7.639,0.005009,0.05757,0.006261,0.4985,-0.007133,0.1409,-0.1993,-0.003487,-0.01355,-0.03103,-0.003064,-0.01161,-0.006501,-0.005368,0.01884,-0.005193,,
103,EOS,Glass,3,0,2.5594,Unbrushed,0.88674,0.08607,-0.009636,441.7,172,245.3,3.79,276.1,-2.414,-0.6001,0.1113,16.45,0.04206,0.3008,0.04727,43.16,0.02182,-0.2853,-0.4395,0.006412,0.1049,0.01872,0.04074,-0.011,0.522,-0.01087,0.04303,0.003309,,
104,EOS,LDPE,3,0,1.2566,Unbrushed,0.027775,0.05712,-0.01646,-10.89,-2.106,0.4826,-2.168,-1.88,-2.068,-0.6532,0.02572,5.026,0.003809,0.0423,0.02584,0.4947,-0.01044,-0.2323,-0.2689,-0.003246,-0.0214,-0.03046,0.02895,-0.01069,0.0108,-0.01096,0.01557,-0.005321,,
105,EOS,PLA,3,0,1.1988,Unbrushed,0.0118,0.04342,-0.009865,-12.56,-2.146,1.031,0.03423,1.597,0.1258,-0.4094,0.04449,5.441,0.004326,0.04203,0.01167,0.4294,-0.01227,0.08322,-0.3524,-0.001172,-0.02223,-0.03461,0.006624,-0.01075,0.004728,-0.01164,0.01387,-0.007498,,
106,EOS,Glass,1,1,2.5542,Unbrushed,0.43091,0.306,0.0123,2260,835.6,732.2,90.71,1421,-0.6886,-0.07117,3.033,258.1,0.2099,0.6241,0.4216,245.4,0.1603,0.001017,-0.2949,0.2862,3.303,0.02993,0.06082,0.0124,2.605,-0.01316,0.2879,0.05088,,
107,EOS,LDPE,1,1,1.2483,Unbrushed,0.36613,0.2432,-0.01328,56.56,128.2,149,37.87,33.25,0.5745,0.1259,5.403,289.9,0.1286,0.7157,0.8117,1.486,0.04082,0.142,-0.2147,0.3037,0.6425,-0.02651,0.02061,0.01692,0.5754,-0.009569,0.2699,0.007707,,
108,EOS,PLA,1,1,1.2273,Unbrushed,0.12649,0.129,-0.01493,1.462,48.75,79.79,15.17,13.21,1.419,-0.06709,2.593,120.4,0.05292,0.2989,0.3087,0.7169,0.01349,0.1367,-0.2785,0.136,0.2253,-0.02683,0.01404,0.002764,0.2734,-0.01626,0.1029,0.002388,,
109,EOS,Glass,2,1,2.5698,Unbrushed,0.42801,0.3322,0.03708,2225,793.4,705.8,74.9,1369,-0.07201,-0.1449,2.379,224.9,0.2381,0.6681,0.3656,241,0.1662,0.08667,-0.4335,0.2817,3.118,0.03986,0.1023,0.04151,2.643,0.01603,0.2698,0.07832,,
110,EOS,LDPE,2,1,1.2457,Unbrushed,0.26038,0.1638,-0.006134,12.83,70.22,87.96,22.3,18.63,3.552,0.324,2.836,181.7,0.07251,0.4496,0.6184,1.082,0.01583,0.5144,-0.3104,0.1733,0.3366,-0.03062,0.02761,0.005581,0.3171,-0.009251,0.1834,-0.00341,,
111,EOS,PLA,2,1,1.2102,Unbrushed,0.14072,0.09381,-0.01691,5.558,33.54,44.84,11.65,4.127,2.819,0.1042,1.519,92.26,0.03848,0.2435,0.2175,0.6644,0.006543,0.4063,-0.4172,0.08573,0.1326,-0.02913,-0.002884,-0.003871,0.1654,-0.01091,0.08623,0.00201,,
112,EOS,Glass,3,1,2.4745,Unbrushed,0.44535,0.3068,0.009033,2752,930.3,800.7,104.3,1561,0.7734,0.03069,2.727,245.7,0.2195,0.5903,0.3087,270.1,0.1614,0.2172,-0.1755,0.2453,3.774,0.02748,0.05393,0.009374,2.86,-0.01231,0.2756,0.04937,,
113,EOS,LDPE,3,1,1.2544,Unbrushed,0.26588,0.1963,-0.008972,5.814,94.11,119.9,25.9,42.29,1.281,0.06413,4.844,225.8,0.09856,0.5765,0.8603,2.192,0.02955,0.2013,-0.2237,0.2312,0.4997,-0.02411,0.01353,0.01387,0.4916,-0.01251,0.2045,0.00813,,
114,EOS,PLA,3,1,1.1806,Unbrushed,0.11455,0.1156,-0.01036,49.66,45.35,53.86,14.07,11.87,2.356,0.01069,2.158,107.5,0.04515,0.2784,0.2378,0.9807,0.004467,0.2925,-0.1528,0.1018,0.1849,-0.0205,0.01024,-0.001414,0.2059,-0.01463,0.09304,0.001063,,
115,EOS,Glass,1,3,2.5617,Unbrushed,0.75019,0.4529,0.01596,3541,1183,1008,122.4,2047,1.679,0.7441,6.954,402.5,0.3164,0.855,0.365,362.3,0.1506,0.3512,-0.4528,0.3936,3.737,0.01061,0.04033,0.02464,3.795,-0.01413,0.4508,0.03188,,
116,EOS,LDPE,1,3,1.2077,Unbrushed,0.6221,0.5371,0.000665,146.6,327.6,382.2,93.34,110.8,1.52,0.951,17.73,735.4,0.3055,1.639,1.192,3.333,0.1083,0.3465,-0.4134,0.7508,1.645,-0.02616,0.01222,0.05777,1.47,-0.008887,0.6517,0.01069,,
117,EOS,PLA,1,3,1.1886,Unbrushed,0.32117,0.2661,-0.006445,125.5,168.9,188.2,57.8,55.02,1.698,1.145,10.27,364.6,0.1565,0.8288,0.5527,1.704,0.04837,0.231,-0.2261,0.4014,0.8392,-0.02507,0.01416,0.02653,0.776,-0.01428,0.3516,0.00703,,
118,EOS,Glass,2,3,2.5657,Unbrushed,0.69798,0.4567,0.01317,2955,1075,966.7,122.8,1786,1.528,0.4031,6.414,479.8,0.3095,1.029,1.123,314.3,0.1567,0.4001,-0.2104,0.4278,3.958,0.00625,0.03474,0.02552,3.516,-0.01332,0.4899,0.02497,,
119,EOS,LDPE,2,3,1.251,Unbrushed,0.58972,0.3118,-0.007603,14.62,179.1,221,44.74,55.87,1.608,0.4054,10.06,447.1,0.1901,1.004,0.9696,2.203,0.06972,0.3005,-0.285,0.426,0.9149,-0.02286,-0.005262,0.02743,1.094,-0.01268,0.4504,0.006528,,
120,EOS,PLA,2,3,1.1898,Unbrushed,0.2683,0.1463,-0.00528,28.23,77.05,89.43,24.73,22.01,3.237,0.2076,4.205,182.7,0.07495,0.408,0.3127,0.9239,0.01681,0.537,-0.1468,0.1852,0.3986,-0.03145,-0.001686,0.007418,0.368,-0.006424,0.1791,0.001248,,
121,EOS,Glass,3,3,2.5575,Unbrushed,0.71526,0.4675,0.01884,3512,1219,1066,130,2090,1.821,0.5349,7.116,446.8,0.3289,0.9276,0.6056,371.7,0.1623,0.4369,-0.2582,0.4326,3.799,0.01503,0.0503,0.02698,4.037,-0.01186,0.4712,0.03462,,
122,EOS,LDPE,3,3,1.2436,Unbrushed,0.46676,0.2378,-0.008473,-4.351,128.1,157.3,31.79,36.1,1.626,0.1914,6.872,330.4,0.1353,0.7201,0.7156,1.576,0.04691,0.3558,-0.2252,0.3197,0.7199,-0.02591,0.006462,0.01999,0.6059,-0.009923,0.3399,0.008947,,
123,EOS,PLA,3,3,1.2135,Unbrushed,0.35045,0.1651,-0.01125,274.4,120.9,108.9,45.16,38.2,2.276,0.1629,7.423,215.6,0.09939,0.5158,0.3976,1.362,0.03095,0.3872,-0.3788,0.2193,0.6293,-0.02608,0.01157,0.009166,0.4223,-0.008205,0.2045,-0.001054,,
124,EOS,Glass,1,7,2.5554,Unbrushed,0.84501,0.503,0.01123,4226,1236,920,241.7,1897,4.121,0.8538,13.21,521.2,0.347,1.085,0.5935,327.3,0.1411,0.7982,-0.2402,0.4928,4.037,0.002979,0.03689,0.02732,3.926,-0.01206,0.6324,0.02523,,
125,EOS,LDPE,1,7,1.2458,Unbrushed,0.87808,0.6103,0.002209,61.46,376.9,483,110,128.9,1.84,1.198,25.49,857.5,0.3592,2.003,1.438,3.528,0.1497,0.4117,-0.365,0.8792,1.98,-0.02557,0.01398,0.06801,1.846,-0.01071,0.7935,0.01957,,
126,EOS,PLA,1,7,1.225,Unbrushed,0.77458,0.4258,0.007024,511.2,307.7,296.6,122.4,166.1,1.166,0.7201,22.69,569.3,0.255,1.32,0.8871,3.379,0.08151,0.3014,-0.05941,0.5921,1.656,-0.03063,0.01125,0.03444,2.059,-0.00912,0.5415,0.00641,,
127,EOS,Glass,2,7,2.5559,Unbrushed,0.92157,0.6162,0.01402,3768,1238,1067,204.7,1981,1.857,0.822,16.88,641.7,0.4084,1.406,0.7421,345.1,0.1726,0.5159,-0.1048,0.647,3.679,0.001906,0.04421,0.03855,4.438,-0.01113,0.6926,0.0411,,
128,EOS,LDPE,2,7,1.2434,Unbrushed,1.1754,1.017,0.02113,1347,815.6,739.7,301.1,277,1.748,2.187,45.04,1384,0.6119,3.179,2.097,5.752,0.233,0.4768,-0.2899,1.393,4.37,-0.01853,0.01817,0.1101,2.369,-0.008047,1.27,0.03584,,
129,EOS,PLA,2,7,1.173,Unbrushed,0.62506,0.4575,-0.006829,759.6,349.4,318.3,155.7,119.2,0.5228,0.6277,27.02,596.8,0.2849,1.456,0.9583,3.581,0.09254,0.2008,-0.3843,0.646,1.807,-0.03335,-0.0013,0.04127,1.34,-0.01271,0.5447,0.008186,,
130,EOS,Glass,3,7,2.5632,Unbrushed,0.92775,0.5021,0.01192,3749,1186,921.4,181.7,1940,3.436,0.9377,13.09,494,0.3275,1.048,0.5888,336.6,0.1367,0.6932,-0.2229,0.4763,3.596,-0.007449,0.05008,0.03356,3.585,-0.004406,0.6032,0.03262,,
131,EOS,LDPE,3,7,1.2542,Unbrushed,1.2278,0.7144,0.005265,337.9,502.7,505,153.9,174.8,2.296,1.63,30.74,998.4,0.4282,2.31,1.681,4.751,0.1598,0.5148,-0.08192,1.014,2.828,-0.01625,-0.001753,0.08271,2.026,-0.01364,1.043,0.01786,,
132,EOS,PLA,3,7,1.1996,Unbrushed,0.56935,0.3535,-0.004172,2030,442.4,219.5,258.2,146.9,1.376,0.7442,19.46,438.9,0.2068,1.148,0.8066,4.136,0.05922,0.4452,-0.3427,0.4734,2.372,-0.01349,0.02739,0.02546,0.7467,-0.008985,0.4459,0.0073,,
133,EOS,Glass,1,14,2.5711,Unbrushed,0.77392,0.664,0.01726,3162,1075,955.4,197.9,1634,3.147,1.332,28.72,776.2,0.4454,1.76,1.119,287.1,0.1959,0.7469,-0.3701,0.771,3.404,-0.01668,0.0358,0.05565,4.301,-0.007413,0.9789,0.02921,,
134,EOS,LDPE,1,14,1.2271,Unbrushed,1.6837,1.512,0.03164,462.1,991,1091,297.8,366.6,2.479,3.619,123.4,2072,1.007,4.988,3.587,13.26,0.3337,0.7115,0.03414,2.047,5.415,-0.01807,0.02127,0.1755,3.845,-0.006504,2.02,0.04765,,
135,EOS,PLA,1,14,1.1859,Unbrushed,1.0192,0.6004,0.00274,111.9,402.1,411.9,106.4,145.8,-0.1178,1.021,74.52,852.7,0.4391,1.988,1.356,4.317,0.1323,0.1708,-0.2945,0.8432,2.485,-0.02949,0.0288,0.06552,1.384,-0.008708,0.9679,0.02056,,
136,EOS,Glass,2,14,2.5629,Unbrushed,1.0403,0.6412,0.01854,2936,1072,860.7,142.8,1686,1.577,1.146,27.99,810,0.4433,1.601,1.082,293.3,0.1795,0.5327,-0.08714,0.6718,3.562,-0.01321,0.06067,0.04808,3.857,-0.008186,1.105,0.02516,,
137,EOS,LDPE,2,14,1.2313,Unbrushed,1.3672,0.8284,0.01767,135.4,572.2,599,145.6,206.3,0.9422,1.826,90.65,1240,0.6127,2.801,2.063,5.665,0.1945,0.4246,-0.3636,1.181,3.575,-0.02669,0.03048,0.09549,2.193,-0.008463,1.37,0.02745,,
138,EOS,PLA,2,14,1.1788,Unbrushed,1.0388,0.6477,0.01161,480.5,474,450.3,152.7,189.3,0.1933,1.203,87.02,919.9,0.5138,2.212,1.506,7.048,0.1519,0.2289,-0.4389,0.9277,2.893,-0.02628,0.005158,0.07567,1.921,-0.009999,1.01,0.02469,,
139,EOS,Glass,3,14,2.5626,Unbrushed,0.74941,0.5872,0.01337,3075,1073,874.6,139.5,1766,0.9127,0.9117,19.35,699.6,0.3911,1.405,0.8419,315.8,0.1686,0.365,-0.4235,0.5869,3.145,-0.01511,0.03359,0.0419,4.178,-0.01177,0.9367,0.03063,,
140,EOS,LDPE,3,14,1.2084,Unbrushed,1.3259,0.8406,0.01484,294.1,581,618.2,161.8,223.7,1.559,1.964,81.61,1194,0.5952,2.802,2.338,8.646,0.2022,0.4564,-0.3675,1.146,3.237,-0.02196,0.01351,0.1034,2.313,-0.0004742,1.256,0.02184,,
141,EOS,PLA,3,14,1.1779,Unbrushed,0.99635,0.6134,0.004507,109.7,405.8,430.6,108.9,148.2,0.3308,1.23,70.04,888.9,0.4689,2.107,1.423,4.435,0.1414,0.2081,-0.3128,0.8794,2.473,-0.0297,0.02763,0.07047,1.739,-0.008216,0.9835,0.01725,,
142,EOS,Glass,1,28,2.5628,Brushed,0.95932,0.7741,0.03448,2476,1064,892.9,199.7,1387,1.226,1.527,96.58,1017,0.6796,2.377,2.168,228.9,0.2019,0.5841,-0.3002,0.9615,4.557,-0.02075,0.0505,0.07429,3.871,-0.0122,1.504,0.04206,,
143,EOS,LDPE,1,28,1.2315,Brushed,1.7824,4.138,0.1079,2359,2946,2852,862.4,1619,8.831,10.81,428.5,5643,3.516,14.04,10.79,32.21,1.022,2.063,0.07167,5.224,21.15,-0.00828,0.156,0.4453,9.43,0.01236,5.681,0.1467,,
144,EOS,PLA,1,28,1.202,Brushed,1.2625,1.698,0.03803,64.95,1109,1214,265.1,417.3,2.432,4.041,308.5,2383,1.836,5.853,4.797,12.07,0.4322,0.7461,-0.5107,2.339,6.481,-0.01905,0.02787,0.1992,4.224,-0.002581,2.845,0.04991,,
145,EOS,Glass,2,28,2.568,Brushed,0.80858,0.5563,0.006007,2177,877.9,695.4,130.6,1303,0.2568,0.7668,32.65,852.9,0.3922,1.413,0.9791,229.7,0.1615,0.5542,-0.2419,0.6551,3.578,-0.02668,0.03311,0.04695,3.236,-0.006408,1.513,0.02279,,
146,EOS,LDPE,2,28,1.2176,Brushed,1.5021,2.309,0.06926,1259,1647,1705,495.5,641.2,4.053,5.811,238.9,3271,1.792,7.644,5.282,17.52,0.5729,1.11,-0.3062,3.139,10.93,-0.01465,0.02794,0.2774,5.553,0.005753,3.696,0.09001,,
147,EOS,PLA,2,28,1.1783,Brushed,1.3862,1.976,0.03838,444.2,1267,1535,370.3,465.9,2.687,4.761,284.1,2712,1.787,6.343,4.161,11.78,0.5022,0.7492,-0.1854,2.656,7.232,-0.02134,0.02097,0.2162,5.88,-0.003481,3.027,0.07307,,
148,EOS,Glass,3,28,2.567,Brushed,0.65636,0.4599,0.007948,2912,950.7,691.5,133,1751,-0.0009465,0.3752,30.25,684.5,0.3597,1.009,0.8139,280.1,0.1288,0.4191,-0.4724,0.4544,4.525,-0.02338,0.0271,0.03043,3.314,-0.008117,1.315,0.02572,,
149,EOS,LDPE,3,28,1.2385,Brushed,1.4323,2.486,0.05708,840.3,1710,1797,433.1,1074,4.154,6.591,272,3553,2.025,8.265,5.596,17.78,0.6033,1.228,-0.3055,3.276,12.79,-0.01025,0.04428,0.2833,6.403,0.004247,3.791,0.0961,,
150,EOS,PLA,3,28,1.2252,Brushed,1.3521,1.527,0.02806,180.3,1081,1140,259.8,3772,11.56,4.29,263.3,2066,1.554,5.116,4.166,11.09,0.3972,1.73,-0.298,2.087,35.31,0.118,0.02522,0.1766,3.973,-0.003017,2.453,0.05789,,